Тип заявки ВК;Начало;Окончание;Адрес;Комментарий
Устанвока интернета;21.09.2026 09:00;21.09.2026 10:00;Пермь, улица Петропавловская, 65;Центр
Проводка провода;21.09.2026 11:00;21.09.2026 12:30;Пермь, улица Газеты Звезда, 20;Центр
Устанвока интернета;22.09.2026 10:00;22.09.2026 11:00;Пермь, улица Максима Горького, 49;Свердловский район
Проводка провода;22.09.2026 13:00;22.09.2026 15:00;Пермь, Вильвенская улица, 6;Дзержинский район
Устанвока интернета;23.09.2026 09:30;23.09.2026 11:00;Пермь, улица Старцева, 35;Мотовилихинский район
Проводка провода;23.09.2026 12:00;23.09.2026 14:00;Пермь, Подлесная улица, 13;Дзержинский район
Устанвока интернета;24.09.2026 08:30;24.09.2026 10:00;Пермь, улица Клары Цеткин, 25;Свердловский район
Проводка провода;24.09.2026 11:30;24.09.2026 13:30;Пермь, улица Чкалова, 9;Свердловский район
Устанвока интернета;25.09.2026 10:00;25.09.2026 12:00;Пермь, улица Чернышевского, 15В;Свердловский район
Проводка провода;25.09.2026 14:00;25.09.2026 16:00;Пермь, улица Академика Веденеева, 29;Орджоникидзевский район
