Тип заявки ВК,Начало,Окончание,Адрес,Комментарий
Подключение,28.09.2026 08:00,28.09.2026 10:00,"Москва, проспект Нахимовский, 50",Подключение
Локальные работы,28.09.2026 19:30,28.09.2026 20:30,"Москва, проспект Ленинский, 70/11",Локальные работы
Подключение,28.09.2026 15:30,28.09.2026 17:30,"Москва, улица Болотниковская, 9 к2",Подключение
Локальные работы,28.09.2026 20:30,28.09.2026 22:00,"Москва, бульвар Смоленский, 17 с1",Локальные работы
Локальные работы,28.09.2026 13:00,28.09.2026 15:00,"Москва, улица Восточная, 2 к2",Локальные работы
Дозаказ оборудования,28.09.2026 14:00,28.09.2026 15:30,"Москва, проспект Севастопольский, 9 к1",Дозаказ оборудования
Локальные работы,28.09.2026 09:00,28.09.2026 10:00,"Москва, улица Ремизова, 15 к2",Локальные работы
Локальные работы,28.09.2026 15:00,28.09.2026 16:00,"Москва, улица Коломенская, 5",Локальные работы
Подключение,28.09.2026 14:00,28.09.2026 15:30,"Москва, улица Дубининская, 59 к2",Подключение
Подключение,28.09.2026 14:00,28.09.2026 16:00,"Москва, проспект 60-летия Октября, 17",Подключение
Подключение,28.09.2026 14:30,28.09.2026 15:30,"Москва, улица Усачёва, 29 к1",Подключение
Дозаказ оборудования,28.09.2026 12:00,28.09.2026 13:30,"Москва, улица Городская, 9",Дозаказ оборудования
Локальные работы,28.09.2026 19:30,28.09.2026 21:00,"Москва, улица Трофимова, 4А",Локальные работы
Подключение,28.09.2026 15:00,28.09.2026 16:30,"Москва, проспект Балаклавский, 50",Подключение
Локальные работы,28.09.2026 15:00,28.09.2026 16:00,"Москва, улица Затонная, 11 к3",Локальные работы
Аварийные работы,28.09.2026 15:30,28.09.2026 16:30,"Москва, улица Автозаводская, 11",Аварийные работы
Подключение,28.09.2026 10:30,28.09.2026 12:00,"Москва, улица Академика Миллионщикова, 13 к1",Подключение
Подключение,28.09.2026 08:30,28.09.2026 10:30,"Москва, проспект Балаклавский, 20 к4",Подключение
Аварийные работы,28.09.2026 09:30,28.09.2026 10:30,"Москва, набережная Нагатинская, 60 к2",Аварийные работы
Локальные работы,28.09.2026 15:00,28.09.2026 17:00,"Москва, улица Керченская, 6 к2",Локальные работы
